{"__symbolic":"module","version":1,"metadata":{"AppModule":{"__symbolic":"class","decorators":[{"__symbolic":"call","expression":{"__symbolic":"reference","module":"@angular/core","name":"NgModule"},"arguments":[{"imports":[{"__symbolic":"reference","module":"@angular/platform-browser","name":"BrowserModule"}],"declarations":[{"__symbolic":"reference","module":"./app.component","name":"AppComponent"}],"bootstrap":[{"__symbolic":"reference","module":"./app.component","name":"AppComponent"}]}]}]}}}